[
  {
    "id": 1,
    "userId": "cce465c4-3eb4-456b-b11d-b8aad3d6005f",
    "data": {
      "name": "Dinesh",
      "phoneNo": "9876543210",
      "pincode": "122002",
      "state": "Haryana",
      "city": "Gurgaon",
      "buildingName": "11 MG Road",
      "area": "DLF Phase 2",
      "type": "home",
      "location": "Near CyberHub"
    },
    "createdAt": "2025-12-08T07:02:26.919Z",
    "updatedAt": "2025-12-08T07:02:26.919Z"
  },
  {
    "id": 3,
    "userId": "e844499e-3336-49be-beeb-1bef0a41ce2d",
    "data": {
      "name": "kick",
      "phoneNo": "9999",
      "pincode": "",
      "state": "telgnaa",
      "city": "hyd",
      "buildingName": "",
      "area": "",
      "type": "",
      "location": ""
    },
    "createdAt": "2025-12-10T11:21:08.382Z",
    "updatedAt": "2025-12-10T11:21:08.382Z"
  },
  {
    "id": 4,
    "userId": "e844499e-3336-49be-beeb-1bef0a41ce2d",
    "data": {
      "name": "kick",
      "phoneNo": "9999",
      "pincode": "",
      "state": "telgnaa",
      "city": "hyd",
      "buildingName": "",
      "area": "",
      "type": "",
      "location": ""
    },
    "createdAt": "2025-12-10T11:30:30.177Z",
    "updatedAt": "2025-12-10T11:30:30.177Z"
  },
  {
    "id": 5,
    "userId": "e844499e-3336-49be-beeb-1bef0a41ce2d",
    "data": {
      "name": "Rohit",
      "phoneNo": "8754",
      "pincode": "Hjjf",
      "state": "Jjvdx",
      "city": "Telangana",
      "buildingName": "Gury",
      "area": "Bhzf",
      "type": "home",
      "location": "Ugf"
    },
    "createdAt": "2025-12-10T11:58:18.594Z",
    "updatedAt": "2025-12-10T11:58:18.594Z"
  }
]